animal,N,ID,Subspecies,B2.TOT,B2.UV,B2.VIS,B2.NIR,B2.TOT.EGG,B2.UV.EGG,B2.VIS.EGG,B2.NIR.EGG,class,treetax_initial_class
Anhinga_anhinga,1,anhanh,NA,52.14561301,19.16536015,27.7522755,61.23088638,NA,NA,NA,NA,Aves,Anhinga_anhinga
Bulweria_bulwerii,2,bulbul,NA,29.07537438,0.349757877,4.530638829,37.93280024,NA,NA,NA,NA,Aves,Bulweria_bulwerii
Calonectris_diomedea,3,caldio,NA,36.15795788,2.266157055,7.883900288,46.41059408,NA,NA,NA,NA,Aves,Calonectris_diomedea
Catharacta_lonnbergi,4,catlon,NA,52.75893032,16.81440085,36.84969363,59.61075078,NA,NA,NA,NA,Aves,Catharacta_lonnbergi
Stercorarius_maccormicki,5,catmac,NA,45.17155241,13.02845433,25.74933339,52.78165994,NA,NA,NA,NA,Aves,Catharacta_maccormicki
Stercorarius_skua,6,catsku,NA,40.59668484,12.53239493,20.39083172,48.16930526,NA,NA,NA,NA,Aves,Catharacta_skua
Chlidonias_leucopterus,7,chlleu,NA,49.24651069,21.14714977,29.98235424,56.55312523,NA,NA,NA,NA,Aves,Chlidonias_leucopterus
Chlidonias_niger,8,chlnig,NA,43.08675958,17.88861061,19.29279098,51.50186001,NA,NA,NA,NA,Aves,Chlidonias_niger
Creagrus_furcatus,9,crefur,NA,47.35129449,21.21928715,28.99549921,54.27254725,NA,NA,NA,NA,Aves,Creagrus_furcatus
Daption_capense,10,dapcap,NA,53.36084516,17.95179954,37.01244434,60.30402627,NA,NA,NA,NA,Aves,Daption_capense
Diomedea_epomophora,11,dioepo,NA,41.41393573,5.670220188,7.06905052,53.52009321,NA,NA,NA,NA,Aves,Diomedea_epomophora
Diomedea_exulans,12,dioexu,NA,33.57752722,-0.549105076,7.354047258,43.26044182,NA,NA,NA,NA,Aves,Diomedea_exulans
Thalassarche_melanophris,13,diomel,NA,32.00219404,-1.350821239,5.344045443,41.75979299,NA,NA,NA,NA,Aves,Thalassarche_melanophrys
Fregetta_grallaria,14,fregra,NA,31.64422234,10.31844469,7.426431361,39.93161592,NA,NA,NA,NA,Aves,Fregetta_grallaria
Fregetta_tropica,15,fretro,NA,31.39226405,9.802294004,7.662402888,39.55704156,NA,NA,NA,NA,Aves,Fregetta_tropica
Fulmarus_glacialis,16,fulgla,NA,49.26847042,14.94463606,19.75854823,59.90068452,NA,NA,NA,NA,Aves,Fulmarus_glacialis
Garrodia_nereis,17,garner,NA,32.11497161,10.21182609,6.912425551,40.721772,NA,NA,NA,NA,Aves,NA
Gygis_alba,18,gygalb,NA,66.13879934,30.92425078,58.86955258,70.47395046,NA,NA,NA,NA,Aves,Gygis_alba
Hydrobates_microsoma,19,halmic,NA,33.78815323,9.643987231,6.653731279,43.09036975,NA,NA,NA,NA,Aves,Halocyptena_microsoma
Hydrobates_pelagicus,20,hydpel,NA,27.12454308,11.39564767,10.29990574,32.94014753,NA,NA,NA,NA,Aves,Hydrobates_pelagicus
Larosterna_inca,21,larinc,NA,45.72980303,21.12570075,28.8008832,52.14698184,NA,NA,NA,NA,Aves,Larosterna_inca
Macronectes_giganteus,22,macgig,NA,42.96057198,8.104152237,11.0607014,54.30983986,NA,NA,NA,NA,Aves,Macronectes_giganteus
Macronectes_halli,23,machal,NA,42.81849949,7.770857884,8.951483062,54.74333216,NA,NA,NA,NA,Aves,Macronectes_halli
Morus_bassanus,24,morbas,NA,54.23154635,20.37524359,37.13177283,61.28786005,NA,NA,NA,NA,Aves,Morus_bassanus
Hydrobates_homochroa,25,ocehom,NA,31.033274,10.61332868,6.99851958,39.21063665,NA,NA,NA,NA,Aves,Oceanodroma_homochroa
Hydrobates_leucorhous,26,oceleu,NA,34.33791944,12.31237392,9.407870271,42.87296289,NA,NA,NA,NA,Aves,Oceanodroma_leucorhoa
Hydrobates_melania,27,ocemel,NA,30.17684735,9.043629834,5.520678524,38.57809375,NA,NA,NA,NA,Aves,Oceanodroma_melania
Oceanites_oceanicus,28,oceoce,NA,32.04639058,11.17042156,6.943057259,40.55835476,NA,NA,NA,NA,Aves,Oceanites_oceanicus
Pachyptila_belcheri,29,pacbel,NA,36.13309152,11.94993092,13.21604916,44.23371592,NA,NA,NA,NA,Aves,Pachyptila_belcheri
Pachyptila_desolata,30,pacdes,NA,37.61934072,10.62404209,11.48385972,46.8192252,NA,NA,NA,NA,Aves,Pachyptila_desolata
Pachyptila_salvini,31,pacsal,NA,38.0285328,16.72731064,13.98401122,46.26576002,NA,NA,NA,NA,Aves,Pachyptila_salvini
Pachyptila_turtur,32,pactur,NA,34.69677234,14.34976517,12.81794837,42.25444541,NA,NA,NA,NA,Aves,Pachyptila_turtur
Pachyptila_vittata,33,pacvit,NA,35.2508209,15.23448184,13.17463756,42.84301482,NA,NA,NA,NA,Aves,Pachyptila_vittata
Pagodroma_nivea,34,pagniv,NA,59.24121027,30.03111265,49.92036355,63.7773392,NA,NA,NA,NA,Aves,Pagodroma_nivea
Pelagodroma_marina,35,pelmar,NA,41.79674854,14.67848086,12.88731385,51.79530439,NA,NA,NA,NA,Aves,Pelagodroma_marina
Pelecanus_occidentalis,36,pelocc,NA,41.57298454,16.44268364,21.3841299,48.95223499,NA,NA,NA,NA,Aves,Pelecanus_occidentalis
Pelecanus_onocrotalus,37,pelono,NA,49.35498239,17.49112601,35.35037506,55.40024493,NA,NA,NA,NA,Aves,Pelecanus_onocrotalus
Pelecanoides_urinatrix,38,peluri,NA,40.38257832,6.551377372,6.830175455,52.14139125,NA,NA,NA,NA,Aves,Pelecanoides_urinatrix
Gulosus_aristotelis,39,phaari,NA,47.08885152,9.54234606,11.95560494,59.53485227,NA,NA,NA,NA,Aves,Phalacrocorax_aristotelis
Leucocarbo_atriceps,40,phaatr,NA,46.10703953,15.20898824,22.55103949,54.8203032,NA,NA,NA,NA,Aves,Phalacrocorax_atriceps
Nannopterum_auritum,41,phaaur,NA,35.0363592,5.66007485,5.975179399,45.22523271,NA,NA,NA,NA,Aves,Phalacrocorax_auritus
Phalacrocorax_carbo,42,phacar,NA,40.06665797,7.55770256,5.790535197,51.94856425,NA,NA,NA,NA,Aves,Phalacrocorax_carbo
Phalaropus_fulicarius,43,phaful,NA,47.04603569,17.24461274,27.47133303,54.55074232,NA,NA,NA,NA,Aves,Phalaropus_fulicarius
Phaethon_lepturus,44,phalep,NA,52.58495454,20.514157,35.43938995,59.54108802,NA,NA,NA,NA,Aves,Phaethon_lepturus
Phalaropus_lobatus,45,phalob,NA,45.4453967,14.182385,22.29798913,54.06421388,NA,NA,NA,NA,Aves,Phalaropus_lobatus
Urile_pelagicus,46,phapel,NA,38.1859548,7.712980085,6.657827881,49.15059919,NA,NA,NA,NA,Aves,Phalacrocorax_pelagicus
Urile_penicillatus,47,phapen,NA,41.12550319,8.198605414,7.446956408,52.8622045,NA,NA,NA,NA,Aves,Phalacrocorax_penicillatus
Phaethon_rubricauda,48,pharub,NA,68.25498625,27.43317907,60.20185829,73.17266267,NA,NA,NA,NA,Aves,Phaethon_rubricauda
Phoebastria_albatrus,49,phoalb,NA,44.1809798,4.154850592,25.33412317,52.13178598,NA,NA,NA,NA,Aves,Phoebastria_albatrus
Phoebastria_nigripes,50,phonig,NA,37.59471678,0.710242692,7.233609726,48.63619076,NA,NA,NA,NA,Aves,Phoebastria_nigripes
Phoebetria_palpebrata,51,phopal,NA,40.0139886,3.145357561,10.75118398,50.74025862,NA,NA,NA,NA,Aves,Phoebetria_palpebrata
Procellaria_aequinoctialis,52,proaeq,NA,33.01149752,8.211260694,7.50536593,41.88951505,NA,NA,NA,NA,Aves,Procellaria_aequinoctialis
Procellaria_cinerea,53,procin,NA,39.4579186,13.70312147,12.94964653,48.68364966,NA,NA,NA,NA,Aves,Procellaria_cinerea
Pterodroma_brevipes,54,ptebre,NA,43.67146218,10.70794608,10.00931567,55.40490136,NA,NA,NA,NA,Aves,Pterodroma_brevipes
Pterodroma_externa,55,pteext,NA,29.58174842,10.34557869,7.746272395,37.05447742,NA,NA,NA,NA,Aves,Pterodroma_externa
Pterodroma_hypoleuca,56,ptehyp,NA,29.4272799,9.344220198,8.065129817,36.81926712,NA,NA,NA,NA,Aves,Pterodroma_hypoleuca
Pterodroma_incerta,57,pteinc,NA,31.83701108,7.632553989,6.643559778,40.58736492,NA,NA,NA,NA,Aves,Pterodroma_incerta
Pterodroma_inexpectata,58,pteine,NA,36.70615124,16.02351572,12.78920646,44.8668476,NA,NA,NA,NA,Aves,Pterodroma_inexpectata
Pterodroma_lessonii,59,pteles,NA,36.03913712,14.28619047,11.13576333,44.54985077,NA,NA,NA,NA,Aves,Pterodroma_lessonii
Pterodroma_nigripennis,60,ptenig,NA,30.29129773,9.433485174,7.69716066,38.08496195,NA,NA,NA,NA,Aves,Pterodroma_nigripennis
Puffinus_assimilis,61,pufass,NA,32.04139251,9.957842171,6.211884762,40.83933778,NA,NA,NA,NA,Aves,Puffinus_assimilis
Ardenna_bulleri,62,pufbul,NA,36.64641108,9.647231026,8.559272185,46.40235238,NA,NA,NA,NA,Aves,Puffinus_bulleri
Ardenna_grisea,63,pufgri,NA,35.57350743,8.959369253,6.30469093,45.64414661,NA,NA,NA,NA,Aves,Puffinus_griseus
Puffinus_huttoni,64,pufhut,NA,25.20005081,7.161942797,4.697841199,32.21541357,NA,NA,NA,NA,Aves,Puffinus_huttoni
Puffinus_nativitatis,65,pufnat,NA,35.64771943,8.671705467,5.924892075,45.8712113,NA,NA,NA,NA,Aves,Puffinus_nativitatis
Ardenna_pacifica,66,pufpac,NA,33.76367181,10.49798637,7.736666093,42.69224304,NA,NA,NA,NA,Aves,Puffinus_pacificus
Puffinus_puffinus,67,pufpuf,NA,36.49064917,9.380965075,6.68400558,46.74620737,NA,NA,NA,NA,Aves,Puffinus_puffinus
Ardenna_tenuirostris,68,puften,NA,33.99789853,8.226229327,4.535365024,44.07054319,NA,NA,NA,NA,Aves,Puffinus_tenuirostris
Stercorarius_longicaudus,69,stelon,NA,31.50713978,6.013588111,6.262630861,40.35556668,NA,NA,NA,NA,Aves,Stercorarius_longicaudus
Sterna_paradisaea,70,stepar,NA,31.98698474,6.269864667,8.543526851,40.33461348,NA,NA,NA,NA,Aves,Sterna_paradisaea
Stercorarius_pomarinus,71,stepom,NA,35.57883041,6.637993434,8.269249226,45.23777642,NA,NA,NA,NA,Aves,Stercorarius_pomarinus
Sula_dactylatra,72,suldac,NA,56.30695062,15.35376927,35.48023162,64.88284578,NA,NA,NA,NA,Aves,Sula_dactylatra
Sula_leucogaster,73,sulleu,NA,42.54238206,6.382936751,11.36432792,53.76707909,NA,NA,NA,NA,Aves,Sula_leucogaster
Thalassoica_antarctica,74,thaant,NA,49.67322023,20.05826606,27.83875418,57.80908332,NA,NA,NA,NA,Aves,Thalassoica_antarctica
Thalassarche_chlororhynchos,75,thachl,NA,31.90104812,-2.665909598,5.44674902,41.67802807,NA,NA,NA,NA,Aves,Thalassarche_chlororhynchos
Thalassarche_chrysostoma,76,thachr,NA,32.40178377,-1.148722052,6.439149126,41.97278948,NA,NA,NA,NA,Aves,Thalassarche_chrysostoma
Aethopyga_boltoni,77,Aetbol,NA,39.24602971,5.213636749,16.55492076,47.91131114,NA,NA,NA,NA,Aves,Aethopyga_boltoni
Aethopyga_christinae,78,Aetchr,NA,36.73295901,6.705749254,15.17570596,44.8185544,NA,NA,NA,NA,Aves,Aethopyga_christinae
Aethopyga_flagrans,79,Aetfla,NA,36.86986014,5.698377348,12.61068498,45.79917827,NA,NA,NA,NA,Aves,Aethopyga_flagrans
Aethopyga_gouldiae,80,Aetgou,NA,37.93086626,4.547116968,15.21224325,46.56189052,NA,NA,NA,NA,Aves,Aethopyga_gouldiae
Aethopyga_ignicauda,81,Aetign,NA,43.11808915,9.090128894,20.6052276,51.72861362,NA,NA,NA,NA,Aves,Aethopyga_ignicauda
Aethopyga_linaraborae,82,Aetlin,NA,40.76801276,6.408550896,18.30052788,49.3899127,NA,NA,NA,NA,Aves,Aethopyga_linaraborae
Aethopyga_nipalensis,83,Aetnip,NA,39.64465264,6.131484259,17.37849385,48.15334196,NA,NA,NA,NA,Aves,Aethopyga_nipalensis
Aethopyga_primigenia,84,Aetpri,NA,40.17271841,8.090663013,18.00488699,48.56400648,NA,NA,NA,NA,Aves,Aethopyga_primigenia
Aethopyga_pulcherrima,85,Aetpul,NA,43.76322006,7.809515412,24.24711922,51.64419176,NA,NA,NA,NA,Aves,Aethopyga_pulcherrima
Aethopyga_saturata,86,Aetsat,NA,35.40349174,5.748161313,9.492805248,44.70982991,NA,NA,NA,NA,Aves,Aethopyga_saturata
Aethopyga_shelleyi,87,Aetshe,NA,42.09514264,7.827707976,22.34890177,49.93431297,NA,NA,NA,NA,Aves,Aethopyga_shelleyi
Aethopyga_siparaja,88,Aetsip,NA,37.89309559,7.697885904,14.17587809,46.60188361,NA,NA,NA,NA,Aves,Aethopyga_siparaja
Aethopyga_temminckii,89,Aettem,NA,33.62056308,3.797499295,11.07418096,41.97002504,NA,NA,NA,NA,Aves,Aethopyga_temminckii
Anabathmis_newtonii,90,Ananew,NA,40.68936729,7.586024903,11.71291414,51.0927063,NA,NA,NA,NA,Aves,Nectarinia_newtonii
Anabathmis_reichenbachii,91,Anarei,NA,37.68858059,8.196486704,10.43953892,47.36745534,NA,NA,NA,NA,Aves,Nectarinia_reichenbachii
Anthreptes_anchietae,92,Antanc,NA,39.72876207,6.397657584,16.27625571,48.5652975,NA,NA,NA,NA,Aves,Anthreptes_anchietae
Anthreptes_aurantius,93,Antaur,NA,43.1060133,9.407690216,21.84300522,51.34442341,NA,NA,NA,NA,Aves,Anthreptes_aurantius
Anthreptes_griseigularis,94,Antgri,NA,30.46263985,5.535965503,12.88383322,37.0837554,NA,NA,NA,NA,Aves,Anthreptes_griseigularis
Anthreptes_malacensis,95,Antmal,NA,42.61030211,9.678433316,19.60524997,51.29389416,NA,NA,NA,NA,Aves,Anthreptes_malacensis
Anthreptes_orientalis,96,Antori,NA,46.52966287,11.57347367,17.50932257,57.06543532,NA,NA,NA,NA,Aves,Anthreptes_orientalis
Anthreptes_seimundi,97,Antsei,NA,40.37992332,9.024728696,13.60778755,50.04167483,NA,NA,NA,NA,Aves,Nectarinia_seimundi
Anthreptes_tephrolaemus,98,Anttep,NA,42.04442396,9.048418247,15.84393838,51.64869059,NA,NA,NA,NA,Aves,Anthreptes_tephrolaemus
Arachnothera_affinis,99,Araaff,NA,35.36606576,6.159673976,13.92822492,43.362915,NA,NA,NA,NA,Aves,Arachnothera_affinis
Arachnothera_chrysogenys,100,Arachr,NA,40.9980198,9.028871097,20.66902585,48.8545663,NA,NA,NA,NA,Aves,Arachnothera_chrysogenys
Arachnothera_clarae,101,Aracla,NA,39.15598022,8.280125085,14.49434692,48.18232904,NA,NA,NA,NA,Aves,Arachnothera_clarae
Arachnothera_flavigaster,102,Arafla,NA,40.45676646,8.164591831,18.61437122,48.76665451,NA,NA,NA,NA,Aves,Arachnothera_flavigaster
Arachnothera_longirostra,103,Aralon,NA,45.32483239,10.63521019,25.6117716,53.17946661,NA,NA,NA,NA,Aves,Arachnothera_longirostra
Arachnothera_modesta,104,Aramod,NA,33.1624731,6.595795851,14.28943829,40.25798293,NA,NA,NA,NA,Aves,Arachnothera_modesta
Arachnothera_robusta,105,Ararob,NA,40.40171263,8.749512523,17.8585959,48.87056546,NA,NA,NA,NA,Aves,Arachnothera_robusta
Chalcomitra_adelberti,106,Chaade,NA,39.37551837,5.775687648,13.14865133,49.02251573,NA,NA,NA,NA,Aves,Nectarinia_adelberti
Chalcomitra_amethystina,107,Chaame,NA,37.68646665,7.603188494,13.98870814,46.38773089,NA,NA,NA,NA,Aves,Nectarinia_amethystina
Chalcomitra_balfouri,108,Chabal,NA,38.59540293,7.330321476,14.81067819,47.39620523,NA,NA,NA,NA,Aves,Nectarinia_balfouri
Chalcomitra_fuliginosa,109,Chaful,NA,39.37435352,6.479649291,8.648311899,50.26394831,NA,NA,NA,NA,Aves,Nectarinia_fuliginosa
Chalcomitra_hunteri,110,Chahun,NA,40.80739962,5.349865693,10.28175013,51.80072632,NA,NA,NA,NA,Aves,Nectarinia_hunteri
Chalcomitra_rubescens,111,Charub,NA,37.46018925,7.415571676,7.907488751,47.83324033,NA,NA,NA,NA,Aves,Nectarinia_rubescens
Chalcomitra_senegalensis,112,Chasen,NA,34.49347971,6.684277134,9.517947536,43.41347069,NA,NA,NA,NA,Aves,Nectarinia_senegalensis
Chalcoparia_singalensis,113,Chasin,NA,31.91970317,7.603670032,10.61773068,39.56452419,NA,NA,NA,NA,Aves,Anthreptes_singalensis
Cinnyris_afer,114,Cinafr,NA,39.89046002,6.060319436,10.27997195,50.52254726,NA,NA,NA,NA,Aves,Nectarinia_afra
Cinnyris_asiaticus,115,Cinasi,NA,27.22346602,4.896680171,6.696184074,34.52340201,NA,NA,NA,NA,Aves,Nectarinia_asiatica
Cinnyris_batesi,116,Cinbat,NA,39.79434878,8.094775868,12.09749283,49.74276881,NA,NA,NA,NA,Aves,Nectarinia_batesi
Cinnyris_bifasciatus,117,Cinbif,NA,35.67153102,6.727785998,10.56625619,44.70417702,NA,NA,NA,NA,Aves,Nectarinia_bifasciata
Cinnyris_bouvieri,118,Cinbou,NA,38.76459039,6.327839224,10.80906886,48.83477431,NA,NA,NA,NA,Aves,Nectarinia_bouvieri
NA,119,Cincer,NA,38.13514497,5.963818572,9.666017499,48.33552442,NA,NA,NA,NA,Aves,NA
Cinnyris_chalybeus,120,Cincha,NA,39.66518586,7.083901711,9.962650079,50.24411832,NA,NA,NA,NA,Aves,Nectarinia_chalybea
Cinnyris_chloropygius,121,Cinchl,NA,39.65779091,6.370114548,12.54201579,49.54066037,NA,NA,NA,NA,Aves,Nectarinia_chloropygia
NA,122,Cinchy,NA,35.78299066,9.034009255,12.12090798,44.2603142,NA,NA,NA,NA,Aves,NA
Cinnyris_coccinigastrus,123,Cincoc,NA,34.47077944,5.471514604,8.080455881,43.87473184,NA,NA,NA,NA,Aves,Nectarinia_coccinigaster
Cinnyris_comorensis,124,Cincom,NA,33.58975216,5.628374342,9.992073417,42.12716291,NA,NA,NA,NA,Aves,Nectarinia_comorensis
Cinnyris_congensis,125,Cincon,NA,34.5246646,3.729021607,7.95145824,44.09401223,NA,NA,NA,NA,Aves,Nectarinia_congensis
Cinnyris_coquerellii,126,Cincoq,NA,40.083576,5.793704388,15.35096018,49.34763688,NA,NA,NA,NA,Aves,Nectarinia_coquerellii
Cinnyris_cupreus,127,Cincup,NA,36.53183579,7.117034687,11.17120557,45.66450159,NA,NA,NA,NA,Aves,Nectarinia_cuprea
Cinnyris_fuscus,128,Cinfus,NA,41.31125112,7.290919675,11.75025422,51.93972748,NA,NA,NA,NA,Aves,Nectarinia_fusca
Cinnyris_manoensis,129,Cinger,NA,38.74764893,9.120641112,14.93541957,47.45211987,NA,NA,NA,NA,Aves,Nectarinia_manoensis
Cinnyris_habessinicus,130,Cinhab,NA,40.0892483,5.224072726,9.63981884,51.02769759,NA,NA,NA,NA,Aves,Nectarinia_habessinica
Cinnyris_humbloti,131,Cinhum,NA,37.10535463,4.853470201,10.06425603,46.89994234,NA,NA,NA,NA,Aves,Nectarinia_humbloti
Cinnyris_johannae,132,Cinjoh,NA,36.20573813,7.372589521,8.140939344,46.07580412,NA,NA,NA,NA,Aves,Nectarinia_johannae
Cinnyris_jugularis,133,Cinjug,NA,39.98128433,9.14425484,18.91938656,47.97417577,NA,NA,NA,NA,Aves,Nectarinia_jugularis
Cinnyris_lotenius,134,Cinlot,NA,34.49499326,6.88746334,12.84251293,42.45236958,NA,NA,NA,NA,Aves,Nectarinia_lotenia
Cinnyris_loveridgei,135,Cinlov,NA,39.73844483,10.89507792,13.52684552,49.07852419,NA,NA,NA,NA,Aves,Nectarinia_loveridgei
Cinnyris_mariquensis,136,Cinmar,NA,38.77379005,6.462536735,9.028142444,49.34933187,NA,NA,NA,NA,Aves,Nectarinia_mariquensis
Cinnyris_mediocris,137,Cinmed,NA,39.68533268,5.880994698,11.53261977,49.89927748,NA,NA,NA,NA,Aves,Nectarinia_mediocris
Cinnyris_melanogastrus,138,Cinmel,NA,37.36265392,4.583579112,10.77486904,47.06247462,NA,NA,NA,NA,Aves,Cinnyris_melanogastrus
Cinnyris_minullus,139,Cinmin,NA,37.83481737,6.274950311,12.3264882,47.14887352,NA,NA,NA,NA,Aves,Nectarinia_minulla
Cinnyris_moreaui,140,Cinmoe,NA,35.75253015,5.72315803,9.881896027,45.07469077,NA,NA,NA,NA,Aves,Cinnyrismoreaui
Cinnyris_moreaui,141,Cinmor,NA,33.98613479,6.045839535,10.53608732,42.48086885,NA,NA,NA,NA,Aves,Nectarinia_moreaui
Cinnyris_nectarinioides,142,Cinnec,NA,41.24885247,6.199290926,10.80079127,52.20021444,NA,NA,NA,NA,Aves,Nectarinia_nectarinioides
Cinnyris_osea,143,Cinose,NA,34.92714854,6.38908545,7.664724524,44.55105957,NA,NA,NA,NA,Aves,Nectarinia_osea
Cinnyris_pulchellus,144,Cinpul,NA,40.14310009,6.669082672,13.24696546,49.97670984,NA,NA,NA,NA,Aves,Nectarinia_pulchella
Cinnyris_regius,145,Cinreg,NA,40.78004142,6.904368632,13.12427412,50.85542268,NA,NA,NA,NA,Aves,Nectarinia_regia
Drepanorhynchus_reichenowi,146,Cinrei,NA,37.9595493,6.7901979,11.62648466,47.4837261,NA,NA,NA,NA,Aves,Nectarinia_reichenowi
Cinnyris_rockefelleri,147,Cinroc,NA,39.05610032,6.293661931,10.43165312,49.33600766,NA,NA,NA,NA,Aves,Nectarinia_rockefelleri
Cinnyris_solaris,148,Cinsol,NA,27.47491717,7.565609826,11.76161622,33.23851629,NA,NA,NA,NA,Aves,Nectarinia_solaris
Cinnyris_sovimanga,149,Cinsov,NA,38.49636302,3.959152976,7.776148801,49.4895373,NA,NA,NA,NA,Aves,Nectarinia_sovimanga
Cinnyris_stuhlmanni,150,Cinstu,NA,36.32559514,9.91909744,11.86933675,45.00743562,NA,NA,NA,NA,Aves,Nectarinia_stuhlmanni
Cinnyris_superbus,151,Cinsup,NA,36.16352693,6.760486866,11.23463924,45.17407612,NA,NA,NA,NA,Aves,Nectarinia_superba
Cinnyris_talatala,152,Cintal,NA,44.6771419,13.14999712,19.57301189,53.87760475,NA,NA,NA,NA,Aves,Nectarinia_talatala
Cinnyris_tsavoensis,153,Cintsa,NA,37.13547613,5.759026987,6.557910912,47.88912149,NA,NA,NA,NA,Aves,Nectarinia_tsavoensis
Cinnyris_ursulae,154,Cinurs,NA,36.02061351,5.336154758,8.576930347,45.83150114,NA,NA,NA,NA,Aves,Nectarinia_ursulae
Cinnyris_venustus,155,Cinven,NA,43.41851061,7.940033157,15.01675949,53.81109685,NA,NA,NA,NA,Aves,Nectarinia_venusta
Cinnyris_voeltzkowi,156,Cinvoe,NA,38.98208079,6.967289706,13.62402641,48.28619004,NA,NA,NA,NA,Aves,NA
Cyanomitra_alinae,157,Cyaali,NA,37.92909513,5.705693515,8.398035286,48.43721577,NA,NA,NA,NA,Aves,Nectarinia_alinae
Cyanomitra_bannermani,158,Cyaban,NA,38.40300933,9.251450083,12.1943905,47.76389242,NA,NA,NA,NA,Aves,Nectarinia_bannermani
Cyanomitra_cyanolaema,159,Cyacya,NA,40.87595142,8.46180077,12.43733809,51.08250898,NA,NA,NA,NA,Aves,Nectarinia_cyanolaema
Cyanomitra_oritis,160,Cyaori,NA,36.92859571,6.286716825,9.858751032,46.63000741,NA,NA,NA,NA,Aves,Nectarinia_oritis
Cyanomitra_veroxii,161,Cyaver,NA,47.2348685,9.760473437,17.65663849,58.08829222,NA,NA,NA,NA,Aves,Nectarinia_veroxii
Cyanomitra_verticalis,162,Cyavet,NA,40.12434949,8.073253742,11.57901781,50.33919056,NA,NA,NA,NA,Aves,Nectarinia_verticalis
Deleornis_axillaris,163,Delaxi,NA,42.05885692,13.03413906,17.9088568,50.82038063,NA,NA,NA,NA,Aves,Deleornis_axillaris
Deleornis_fraseri,164,Delfra,NA,41.48980595,10.71142798,18.84871683,49.93283949,NA,NA,NA,NA,Aves,Deleornis_fraseri
Drepanorhynchus_reichenowi,165,Drerei,NA,38.14575889,7.107991168,9.768356433,48.2445299,NA,NA,NA,NA,Aves,NA
Hedydipna_collaris,166,Hedcol,NA,39.05830875,9.32971985,18.18277649,46.93013697,NA,NA,NA,NA,Aves,NA
Hedydipna_platura,167,Hedpla,NA,39.36593967,9.481815945,14.33869125,48.43467539,NA,NA,NA,NA,Aves,NA
Kurochkinegramma_hypogrammicum,168,Kurhyp,NA,37.01177148,10.88845891,12.45639955,45.70325648,NA,NA,NA,NA,Aves,Hypogramma_hypogrammicum
Leptocoma_aspasia,169,Lepasp,NA,34.94531122,7.644811547,10.98786735,43.54334643,NA,NA,NA,NA,Aves,Nectarinia_aspasia
Leptocoma_brasiliana,170,Lepbra,NA,27.55755189,7.997031402,6.247386865,34.90064964,NA,NA,NA,NA,Aves,Leptocoma_brasiliana
Leptocoma_calcostetha,171,Lepcha,NA,31.43950779,4.939594081,6.172312137,40.35958855,NA,NA,NA,NA,Aves,Nectarinia_calcostetha
Leptocoma_juliae,172,Lepjul,NA,30.95260495,8.359951412,9.776067982,38.45120287,NA,NA,NA,NA,Aves,Leptocoma_juliae
Leptocoma_sperata,173,Lepsep,NA,32.72889985,9.396661797,10.25699391,40.64506878,NA,NA,NA,NA,Aves,NA
Leptocoma_sperata,174,Lepspe,NA,36.5713292,8.512171698,9.363862097,46.14492272,NA,NA,NA,NA,Aves,Nectarinia_sperata
Leptocoma_zeylonica,175,Lepzey,NA,38.97607946,12.47806978,19.13379961,46.34339019,NA,NA,NA,NA,Aves,Nectarinia_zeylonica
Leptocoma_sperata,176,Lespe,NA,38.81551284,9.956279739,15.21082396,47.41048896,NA,NA,NA,NA,Aves,NA
Nectarinia_bocagii,177,Necboc,NA,37.46705032,6.886417073,8.919918592,47.58520247,NA,NA,NA,NA,Aves,Nectarinia_bocagii
Nectarinia_famosa,178,Necfam,NA,33.8366606,7.332758217,10.47274868,42.21436408,NA,NA,NA,NA,Aves,Nectarinia_famosa
Nectarinia_johnstoni,179,Necjoh,NA,36.84678518,4.186309178,7.233063006,47.40423109,NA,NA,NA,NA,Aves,Nectarinia_johnstoni
Nectarinia_purpureiventris,180,Necpur,NA,36.00449227,7.038027178,8.809614896,45.63438865,NA,NA,NA,NA,Aves,Nectarinia_purpureiventris
Nectarinia_tacazze,181,Nectac,NA,39.32304626,11.07493915,10.61993788,49.33730996,NA,NA,NA,NA,Aves,Nectarinia_tacazze
Cerastes_cerastes,182,CERCER,NA,36.60680284,23.31749996,38.23826349,38.1359701,NA,NA,NA,NA,Squamata,
Cerastes_gasperettii,183,CERGAS,NA,41.58597056,31.178266,42.93225228,42.71472828,NA,NA,NA,NA,Squamata,
Chalcides_chalcides,184,CHACHA,NA,25.62592981,8.544659841,21.16084155,35.39322142,NA,NA,NA,NA,Squamata,
Chalcides_guentheri,185,CHAGUE,NA,26.90221691,17.11810621,37.03225346,17.40252023,NA,NA,NA,NA,Squamata,
Chalcides_ocellatus,186,CHAOCE,NA,50.82767248,37.0063455,51.65739767,53.44097327,NA,NA,NA,NA,Squamata,
Chalcides_sepsoides,187,CHASEP,NA,34.65129905,21.06658035,38.29273169,33.87017955,NA,NA,NA,NA,Squamata,
Daboia_palaestinae,188,DABPAL,NA,31.33385046,24.88590003,30.16521779,34.37610958,NA,NA,NA,NA,Squamata,
Dolichophis_jugularis,189,DOLJUG,NA,49.07661681,44.45274041,48.65222651,50.78503681,NA,NA,NA,NA,Squamata,
Echis_coloratus,190,ECHCOL,NA,22.83792212,20.12158911,22.19181601,24.28756845,36.25350599,18.86053521,33.41475973,42.31666708,Squamata,
Eirenis_decemlineatus,191,EIRDEC,NA,28.24640919,13.96441626,29.82067971,30.09157718,NA,NA,NA,NA,Squamata,
Elaphe_sauromates,192,ELASAU,NA,25.28110024,13.88418347,25.09346626,28.46730621,NA,NA,NA,NA,Squamata,
Eryx_jaculus,193,ERYJAC,NA,43.27137151,39.23140197,41.48698349,46.44590116,NA,NA,NA,NA,Squamata,
Eublepharis_macularius,194,EUBMAC,NA,20.72297974,12.93274181,21.36377002,21.9992894,70.58176964,70.97727863,71.47706608,71.04538611,Squamata,
Eumeces_schneideri,195,EUMSCH,NA,37.88257636,18.9188713,40.80040339,39.34494345,48.02967588,29.40690953,41.55431196,57.996535,Squamata,
Heloderma_suspectum,196,HELSUS,NA,32.08559453,13.61721743,30.62467286,38.63087408,39.77151171,44.40972833,32.43938674,45.0649161,Squamata,
Hemorrhois_nummifer,197,HEMNUM,NA,17.12994744,13.62567908,16.58899225,18.68845275,NA,NA,NA,NA,Squamata,
Iguana_iguana,198,IGUIGU,NA,20.20015879,8.40300764,25.09453604,17.44237147,49.22514454,24.81531501,45.58034282,57.68954876,Squamata,
Malpolon_monspessulanus,199,MALINS,NA,32.60871893,28.42622867,29.2353481,37.68730694,NA,NA,NA,NA,Squamata,
Mediodactylus_kotschyi,200,MEDKOT,NA,23.45044305,21.92355401,27.13351458,19.48501347,NA,NA,NA,NA,Squamata,
Natrix_tessellata,201,NATTAS,NA,26.85300153,22.05032539,27.93607364,26.8264457,40.73150014,23.31352865,27.79893021,56.033522,Squamata,
Phoenicolacerta_laevis,202,PHOLAE,NA,26.41254465,17.61670939,34.90699815,18.59829731,NA,NA,NA,NA,Squamata,
Platyceps_collaris,203,PLACOL,NA,29.72999644,20.59781409,32.45399206,28.86992344,NA,NA,NA,NA,Squamata,
Platyceps_rogersi,204,PLAROG,NA,41.04725945,28.28854616,46.47538686,37.91396216,NA,NA,NA,NA,Squamata,
Pogona_vitticeps,205,POGVIT,NA,32.28752547,12.37831871,32.06658361,37.73508455,75.74578908,76.6022442,72.47875682,78.69318474,Squamata,
Ptyodactylus_guttatus,206,PTYGUT,NA,38.58247674,18.35303167,49.04921552,31.39844791,16.87578423,19.86426891,14.18140545,18.69076372,Squamata,
Scincus_scincus,207,SCISCI,NA,54.10969321,37.63090744,54.57571547,57.85478469,NA,NA,NA,NA,Squamata,
Spalerosophis_diadema,208,SPADIA,NA,44.41335399,38.71942937,44.50703698,45.7759938,NA,NA,NA,NA,Squamata,
Stenodactylus_doriae,209,STEDOR,NA,40.75890009,23.0314892,47.23008373,37.68743889,NA,NA,NA,NA,Squamata,
NA,210,TASTAS,NA,25.06033365,14.87151467,24.98053104,27.80567416,NA,NA,NA,NA,Squamata,
Trachylepis_vittata,211,TRAVIT,NA,32.15065722,24.63619522,37.0510706,28.28613647,NA,NA,NA,NA,Squamata,
Walterinnesia_aegyptia,212,WALAEG,NA,33.91777072,4.932827152,31.48685165,44.35576014,NA,NA,NA,NA,Squamata,
Acanthocercus_atricollis,213,ACAT,NA,NA,-1.08846484,17.36807469,12.42797707,NA,NA,NA,NA,Squamata,
Agama_aculeata,214,AGAC,NA,NA,16.79594452,35.61937979,22.68322033,NA,NA,NA,NA,Squamata,
Agama_atra,215,AGAT,NA,NA,13.536449,27.48227878,17.58816165,NA,NA,NA,NA,Squamata,
Cordylus_cordylus,216,COCO,NA,NA,3.590525762,21.48596855,14.99471341,NA,NA,NA,NA,Squamata,
Cordylus_macropholis,217,COMA,NA,NA,12.49565294,15.39401262,14.87842318,NA,NA,NA,NA,Squamata,
Cordylus_niger,218,CONI,NA,NA,9.728249807,14.29698846,15.94943491,NA,NA,NA,NA,Squamata,
Cordylus_vittifer,219,COVI,NA,NA,12.82050057,23.11835837,18.40466707,NA,NA,NA,NA,Squamata,
Karusasaurus_polyzonus,220,KAPO,NA,NA,6.491492117,18.99148314,15.95257728,NA,NA,NA,NA,Squamata,
Ninurta_coeruleopunctatus,221,NICO,NA,NA,0.864353198,13.49361042,11.74098066,NA,NA,NA,NA,Squamata,
Ouroborus_cataphractus,222,OUCA,NA,NA,7.382633755,15.01919087,17.64707123,NA,NA,NA,NA,Squamata,
Platysaurus_broadleyi,223,PLBR,NA,NA,20.03806779,24.14585784,15.79880099,NA,NA,NA,NA,Squamata,
Pseudocordylus_microlepidotus,224,PSMI,NA,NA,-3.385852545,15.42092734,12.14329947,NA,NA,NA,NA,Squamata,
Smaug_warreni,225,SMBR,NA,NA,8.412300326,16.43352736,17.66361644,NA,NA,NA,NA,Squamata,
Smaug_giganteus,226,SMGI,NA,NA,-1.050648002,17.10560598,19.62106044,NA,NA,NA,NA,Squamata,
Smaug_mossambicus,227,SMVA,NA,NA,34.97138596,11.24622988,17.38093219,NA,NA,NA,NA,Squamata,
Lama_pacos,228,Alpaca.Black,NA,4.517596999,5.628891801,1.480488393,7.050632728,NA,NA,NA,NA,Mammalia,
Lama_pacos,229,Alpaca.Brown,NA,16.20160556,22.50662765,9.121305281,21.36064974,NA,NA,NA,NA,Mammalia,
Lama_pacos,230,Alpaca.Grey,NA,7.955338276,11.89781689,3.600243386,11.11815206,NA,NA,NA,NA,Mammalia,
Lama_pacos,231,Alpaca.White,NA,20.07878962,29.39694615,18.32616588,19.82196995,NA,NA,NA,NA,Mammalia,
Chinchilla_chinchilla,232,Chinchilla,NA,7.614016057,4.390216281,2.919103348,12.50568255,NA,NA,NA,NA,Mammalia,
Ovis_aries,233,MerinoFine,NA,25.49964398,31.20408319,24.94642041,24.87729977,NA,NA,NA,NA,Mammalia,
Ovis_aries,234,MerinoUltraFine,NA,25.43508263,38.73359829,23.96915528,24.14459024,NA,NA,NA,NA,Mammalia,
Ovibos_moschatus,235,QiviutMuskox,NA,11.22463053,13.764325,6.305856266,15.17628905,NA,NA,NA,NA,Mammalia,
Ovibos_moschatus,236,QiviutPeru,NA,9.800456595,10.03720524,4.029438856,14.97516129,NA,NA,NA,NA,Mammalia,
Ovibos_moschatus,237,QiviutPixie,NA,10.03746213,9.411737534,4.51784008,15.15783619,NA,NA,NA,NA,Mammalia,
Ovibos_moschatus,238,QiviutWoolery,NA,11.26318488,7.542057077,6.014271605,16.75370524,NA,NA,NA,NA,Mammalia,
Ursus_arctos,239,fift,NA,15.03800523,6.300149679,9.992416867,21.3916217,NA,NA,NA,NA,Mammalia,
Ursus_arctos,240,firs,NA,14.00572009,5.537741234,6.171314427,22.77809382,NA,NA,NA,NA,Mammalia,
Ursus_arctos,241,four,NA,18.42880014,6.212799596,11.27232325,27.39407072,NA,NA,NA,NA,Mammalia,
Ursus_arctos,242,seco,NA,11.44790864,5.820610226,5.4892594,17.93375672,NA,NA,NA,NA,Mammalia,
Ursus_arctos,243,thir,NA,19.28990091,6.970856029,13.14288042,27.34506245,NA,NA,NA,NA,Mammalia,
Tragelaphus_scriptus,244,A15,NA,10.56005264,5.902774447,4.166572501,16.47034776,NA,NA,NA,NA,Mammalia,
Rupicapra_rupicapra,245,A3,NA,13.44322995,7.940462897,2.266148053,23.66655564,NA,NA,NA,NA,Mammalia,
Petaurista_petaurista,246,A32,NA,12.54674913,10.02811847,5.287049577,18.40843365,NA,NA,NA,NA,Mammalia,
Vulpes_vulpes,247,A35,fulva,12.39199055,8.061583241,2.471620865,21.26347039,NA,NA,NA,NA,Mammalia,
Ovibos_moschatus,248,A38,NA,13.41064348,8.558230017,2.236258322,23.4169234,NA,NA,NA,NA,Mammalia,
Rangifer_tarandus,249,A4,NA,19.59852286,15.07564538,11.55080201,26.28656434,NA,NA,NA,NA,Mammalia,
Ratufa_indica,250,A9,NA,113.7384302,112.4952951,96.04800073,116.5003805,NA,NA,NA,NA,Mammalia,
Choloepus_didactylus,251,LE1,NA,16.3437193,13.17986138,7.133583391,24.06153753,NA,NA,NA,NA,Mammalia,
Colobus_ferrugineus,252,LE10,NA,10.42227801,9.994373307,4.037106496,15.04997224,NA,NA,NA,NA,Mammalia,
Dasypterus_ega_ega,253,LE11,NA,25.91383798,10.11647828,7.280669642,44.78830873,NA,NA,NA,NA,Mammalia,
Lasiurus_cinereus,254,LE12,NA,9.798862449,9.233160475,1.223660586,16.40758804,NA,NA,NA,NA,Mammalia,
Mellivora_capensis,255,LE16,NA,11.53413669,10.56447363,4.581734431,16.84012952,NA,NA,NA,NA,Mammalia,
Mustela_erminea,256,LE17,NA,18.03378351,10.28806321,6.245873107,29.11074313,NA,NA,NA,NA,Mammalia,
Mustela_erminea,257,LE18,NA,52.24988741,58.79754912,47.73066815,56.24413476,NA,NA,NA,NA,Mammalia,
Rubrisciurus_rubriventer,258,LE19,NA,19.05588374,9.740219971,5.092407511,32.44729062,NA,NA,NA,NA,Mammalia,
Bradypus_t._tridactylus,259,LE2,NA,11.89947345,10.22347623,4.278417037,17.95970535,NA,NA,NA,NA,Mammalia,
Ratufa_indica,260,LE20,NA,18.30440425,9.888311666,3.772467855,32.00553913,NA,NA,NA,NA,Mammalia,
Ratufa_bicolor,261,LE22,NA,15.53505602,10.65479933,3.574815168,26.10342507,NA,NA,NA,NA,Mammalia,
Ratufa_bicolor,262,LE23,NA,13.43229634,9.686889964,2.935709845,22.48750328,NA,NA,NA,NA,Mammalia,
Sciurus_niger,263,LE24,NA,22.96935491,12.31846045,12.99926749,32.90858444,NA,NA,NA,NA,Mammalia,
Solenodon_paradoxus,264,LE25,NA,12.66682621,4.833595168,10.01759374,16.32456285,NA,NA,NA,NA,Mammalia,
Crocuta_crocuta,265,LE27,NA,16.73687396,5.625185848,7.107726558,27.12081052,NA,NA,NA,NA,Mammalia,
Parahyaena_brunnea,266,LE28,NA,13.88649986,9.52643681,8.676311147,19.22926441,NA,NA,NA,NA,Mammalia,
Ailurus_fulgens,267,LE30,NA,15.23621352,1.220063888,2.660442425,29.3319522,NA,NA,NA,NA,Mammalia,
Trichosurus_vulpecula,268,LE31,NA,23.56213836,6.882332235,8.529041314,39.89731129,NA,NA,NA,NA,Mammalia,
Ornithorhynchus_anatinus,269,LE33,NA,15.4019317,7.225236546,3.027790179,27.36526428,NA,NA,NA,NA,Mammalia,
Ornithorhynchus_anatinus,270,LE34,NA,14.85500323,7.893164071,3.208579284,25.81947344,NA,NA,NA,NA,Mammalia,
Tachyglossus_aculeatus,271,LE35,NA,10.73885762,7.888757716,3.917232276,16.59361567,NA,NA,NA,NA,Mammalia,
Tachyglossus_aculeatus,272,LE36,NA,9.112385048,8.761548643,2.817764686,13.82359698,NA,NA,NA,NA,Mammalia,
Ursus_arctos,273,LE37,syriacus,19.98825836,10.9668025,11.48272709,28.44910211,NA,NA,NA,NA,Mammalia,
Helarctos_malayanus,274,LE38,NA,6.374232068,11.41584885,2.300989781,7.664452463,NA,NA,NA,NA,Mammalia,
Erinaceus_europaeus,275,LE39,NA,18.47183005,10.26798321,8.029450327,28.44718421,NA,NA,NA,NA,Mammalia,
Cyclopes_didactylus,276,LE40,NA,25.52163092,10.83488335,11.8880969,39.73738454,NA,NA,NA,NA,Mammalia,
Spilocuscus_maculatus,277,LE45,NA,18.72364951,15.19272162,7.395469685,27.88251144,NA,NA,NA,NA,Mammalia,
Cercopithecus_talapoin,278,LE5,NA,20.65230028,18.46118505,10.13666632,29.18785732,NA,NA,NA,NA,Mammalia,
Cercopithecus_griseoviridis,279,LE6,NA,14.5261787,16.97540431,5.049950103,20.65778112,NA,NA,NA,NA,Mammalia,
Cercopithecus_griseoviridis,280,LE7,NA,14.01410509,14.5100095,5.2154269,20.48542182,NA,NA,NA,NA,Mammalia,
Samiri_oerstedi,281,LE8,NA,13.18382808,5.532211833,7.454643596,19.44484047,NA,NA,NA,NA,Mammalia,
Samiri_oerstedi,282,LE9,NA,19.77358698,2.985311278,10.48316575,31.28074205,NA,NA,NA,NA,Mammalia,
Phascolarctos_cinereus,283,M14,NA,12.13706029,6.554177411,5.071934957,19.28563491,NA,NA,NA,NA,Mammalia,
Pseudochirops_archeri,284,M15,NA,11.28476855,8.400703352,4.740955985,17.41525517,NA,NA,NA,NA,Mammalia,
Hemibelideus_lemuroides,285,M26,NA,10.08404398,4.941147937,2.682425703,17.45860181,NA,NA,NA,NA,Mammalia,
Mephitis_mephitis,286,NA1,NA,7.504400599,6.274335296,2.058058282,12.06984271,NA,NA,NA,NA,Mammalia,
Crocidura_fuscomurina,287,NA10,NA,11.47244213,7.203395461,2.736121928,19.66734467,NA,NA,NA,NA,Mammalia,
Herpestes_urva,288,NA15,NA,9.191654709,6.780712015,3.207936358,14.59659122,NA,NA,NA,NA,Mammalia,
Peromyscus_maniculatus,289,NA18,NA,7.05498058,6.460090545,0.826091952,12.23710915,NA,NA,NA,NA,Mammalia,
Urocyon_cinereoargenteus,290,NA2,NA,8.52446711,8.035777544,3.237494323,12.73742292,NA,NA,NA,NA,Mammalia,
Scalopus_aquaticus,291,NA21,NA,8.247137614,7.79562174,1.660337627,13.72223611,NA,NA,NA,NA,Mammalia,
Parascalops_breweri,292,NA22,NA,8.695922414,7.145220703,1.453460195,14.95754295,NA,NA,NA,NA,Mammalia,
Scalopus_aquaticus,293,NA23,NA,7.965789795,7.815989164,2.016962447,12.84989634,NA,NA,NA,NA,Mammalia,
Ochotona_princeps,294,NA24,NA,7.807232366,7.231137609,1.242603101,13.21568645,NA,NA,NA,NA,Mammalia,
Mustela_erminea,295,NA3,NA,7.218169518,7.49194191,2.69154635,10.62318751,NA,NA,NA,NA,Mammalia,
Plecotus_austriacus,296,NA39,NA,8.147112756,7.122334536,1.684629044,13.54124325,NA,NA,NA,NA,Mammalia,
Neotamias_minimus,297,NA4,NA,6.275992227,7.857810908,1.983589199,9.156189104,NA,NA,NA,NA,Mammalia,
Martes_americana,298,NA5,NA,10.15774027,8.804969483,2.738374463,16.45886198,NA,NA,NA,NA,Mammalia,
Ammospermophilus_leucurus,299,NA6,NA,13.61437389,10.65833119,6.819153423,20.15011413,NA,NA,NA,NA,Mammalia,
Procyon_lotor,300,NA7,NA,6.244509832,7.214924507,3.666073353,7.950743723,NA,NA,NA,NA,Mammalia,
Aethomys_kaiseri,301,aet_kai,NA,25.36129,10.076339,14.898776,37.96811,NA,NA,NA,NA,Mammalia,
Arvicanthis_niloticus,302,arv_nil,NA,21.37439,8.042262,10.445607,33.87279,NA,NA,NA,NA,Mammalia,
Chlorotalpa_stuhlmani,303,chl_stu,NA,19.95804,4.538044,9.08211,32.91803,NA,NA,NA,NA,Mammalia,
Chyrsochloris_leucorhina,304,chr_leu,NA,21.69942,5.126257,9.061326,36.44271,NA,NA,NA,NA,Mammalia,
Chrysospalax_trevelyani,305,chr_tre,NA,25.7915,8.304529,13.523835,40.44561,NA,NA,NA,NA,Mammalia,
Dasymys_incomtus,306,das_inc,NA,21.82368,8.202603,11.240576,34.0727,NA,NA,NA,NA,Mammalia,
Dasymys_rufulus,307,das_ruf,NA,24.51906,8.395886,13.446437,37.86181,NA,NA,NA,NA,Mammalia,
Dendromus_melanotis,308,den_mel,NA,23.64108,5.737906,11.631906,38.03367,NA,NA,NA,NA,Mammalia,
Hystrix_africaeaustralis,309,hys_afr,NA,10.76586,6.831619,7.22124,14.66684,NA,NA,NA,NA,Mammalia,
Lophuromys_sikapusi,310,lop_sik,NA,25.29927,8.088362,12.501868,40.23555,NA,NA,NA,NA,Mammalia,
Mylomys_dybowskii,311,myl_dyb,NA,23.44225,8.184053,12.597388,36.25999,NA,NA,NA,NA,Mammalia,
Otomys_dartmouthi,312,oto_dar,NA,19.3055,6.387041,8.872887,31.21681,NA,NA,NA,NA,Mammalia,
Otomys_slogetti,313,oto_slo,NA,25.60815,7.307731,14.91295,38.95,NA,NA,NA,NA,Mammalia,
Otomys_tropicalis,314,oto_tro,NA,19.70255,6.520839,8.841193,32.03966,NA,NA,NA,NA,Mammalia,
Otomys_unisulcatus,315,oto_uni,NA,24.73083,8.20313,13.908952,37.78311,NA,NA,NA,NA,Mammalia,
Potamogale_velox,316,pot_vel,NA,21.62889,10.064094,10.893996,33.62913,NA,NA,NA,NA,Mammalia,
Protoxerus_stangeri,317,pro_sta,NA,18.96837,9.286566,13.367027,25.92599,NA,NA,NA,NA,Mammalia,
Steatomys_pratensis,318,ste_pra,NA,24.14508,6.228443,11.862814,38.90634,NA,NA,NA,NA,Mammalia,
Tatera_boehmi,319,tat_boe,NA,20.80283,11.686095,13.250593,29.32685,NA,NA,NA,NA,Mammalia,
Tenrec_ecaudatus,320,ten_eca,NA,23.32977,7.128145,19.297892,30.3191,NA,NA,NA,NA,Mammalia,
Thamnomys_kempi,321,tha_kem,NA,20.97135,5.696195,8.824837,34.91145,NA,NA,NA,NA,Mammalia,
Araneus_diadematus,322,kruis10,NA,32.92423829,5.127423739,24.06863966,46.77375255,NA,NA,NA,NA,Aranea,
Araneus_diadematus,323,kruis11,NA,47.40509923,11.03700306,41.94767835,60.39117983,NA,NA,NA,NA,Aranea,
Araneus_diadematus,324,kruis12,NA,39.25528997,9.884648595,29.6125866,54.47402795,NA,NA,NA,NA,Aranea,
Araneus_diadematus,325,kruis13,NA,21.65378991,4.616335271,15.60830753,30.80413177,NA,NA,NA,NA,Aranea,
Araneus_diadematus,326,kruis14,NA,38.48335124,8.841760203,30.16612862,52.3743979,NA,NA,NA,NA,Aranea,
Araneus_diadematus,327,kruis16,NA,33.18919611,5.885201414,24.17869417,47.22279329,NA,NA,NA,NA,Aranea,
Araneus_diadematus,328,kruis18,NA,48.49767013,9.18836167,39.22370029,65.33155213,NA,NA,NA,NA,Aranea,
Araneus_diadematus,329,kruis20,NA,38.40441366,4.702654359,25.83271218,56.94034224,NA,NA,NA,NA,Aranea,
Araneus_diadematus,330,kruis25,NA,26.50987208,6.861560303,21.41640748,35.27827434,NA,NA,NA,NA,Aranea,
Araneus_diadematus,331,kruis29,NA,29.36462509,9.961034182,25.29750493,37.37095649,NA,NA,NA,NA,Aranea,
Araneus_diadematus,332,kruis31,NA,28.33279253,7.824785034,20.05883684,40.3093233,NA,NA,NA,NA,Aranea,
Araneus_diadematus,333,kruis32,NA,19.46224142,6.45770982,12.24037818,28.73801985,NA,NA,NA,NA,Aranea,
Araneus_diadematus,334,kruis34,NA,21.71585641,5.451874908,18.55672783,28.0906363,NA,NA,NA,NA,Aranea,
Araneus_diadematus,335,kruis35,NA,31.10087793,10.89647001,23.22443684,42.73012603,NA,NA,NA,NA,Aranea,
Araneus_diadematus,336,kruis36,NA,25.71210446,9.208846504,21.53378283,33.14318097,NA,NA,NA,NA,Aranea,
Araneus_diadematus,337,kruis41,NA,26.15792793,5.945899172,19.06203782,36.92922705,NA,NA,NA,NA,Aranea,
Araneus_diadematus,338,kruis42,NA,32.66815149,7.94696089,24.87916571,44.98234169,NA,NA,NA,NA,Aranea,
Araneus_diadematus,339,kruis43,NA,32.71456114,7.256265672,24.3845108,45.71523221,NA,NA,NA,NA,Aranea,
Araneus_diadematus,340,kruis44,NA,25.09061253,7.656498981,19.89405264,33.53495025,NA,NA,NA,NA,Aranea,
Araneus_diadematus,341,kruis45,NA,44.24834046,9.204847126,33.25306011,61.62933812,NA,NA,NA,NA,Aranea,
Araneus_diadematus,342,kruis47,NA,29.6007022,11.59250569,24.06914141,38.74972457,NA,NA,NA,NA,Aranea,
Araneus_diadematus,343,kruis48,NA,28.8968312,8.797190479,20.15738057,41.16520966,NA,NA,NA,NA,Aranea,
Araneus_diadematus,344,kruis49,NA,31.7072104,11.90277105,25.44389341,41.71725178,NA,NA,NA,NA,Aranea,
Araneus_diadematus,345,kruis50,NA,23.97721802,5.669770092,15.03184003,35.97877292,NA,NA,NA,NA,Aranea,
Araneus_diadematus,346,kruis51,NA,38.97643845,13.4338898,30.09484312,52.66941888,NA,NA,NA,NA,Aranea,
Araneus_diadematus,347,kruis52,NA,17.08829187,6.668445104,10.48009399,25.26855815,NA,NA,NA,NA,Aranea,
Araneus_diadematus,348,kruis53,NA,23.82028639,14.19827889,19.86759553,29.42253193,NA,NA,NA,NA,Aranea,
Araneus_diadematus,349,kruis54,NA,16.85839696,9.941114589,11.30507812,23.36634646,NA,NA,NA,NA,Aranea,
Araneus_diadematus,350,kruis56,NA,27.44001784,8.16145554,19.34502972,38.90784728,NA,NA,NA,NA,Aranea,
Araneus_diadematus,351,kruis57,NA,22.78511096,9.108633976,13.16889536,34.43992086,NA,NA,NA,NA,Aranea,
Araneus_diadematus,352,kruis58,NA,31.30951834,13.73258735,27.73483959,38.35779984,NA,NA,NA,NA,Aranea,
Araneus_diadematus,353,kruis59,NA,14.89893285,9.095030763,10.32042519,20.29850314,NA,NA,NA,NA,Aranea,
Araneus_diadematus,354,kruis60,NA,25.8098082,7.667538287,17.015262,37.66461268,NA,NA,NA,NA,Aranea,
Araneus_diadematus,355,kruis61,NA,28.76628132,10.80878723,19.82191536,40.68728185,NA,NA,NA,NA,Aranea,
Araneus_diadematus,356,kruis65,NA,21.37498239,8.748059589,15.30905563,29.68293855,NA,NA,NA,NA,Aranea,
Araneus_diadematus,357,kruis66,NA,27.23252727,10.93172001,21.06316313,36.36920364,NA,NA,NA,NA,Aranea,
Apis_mellifera,358,NA,NA,9.321972,2.922541,4.1603958,11.18985,NA,NA,NA,NA,Insecta,
Bombus_hortorum,359,NA,NA,15.749425,2.127021,3.4323439,20.0204,NA,NA,NA,NA,Insecta,
Bombus_lapidarius,360,NA,NA,12.132635,2.1606,0.7089847,15.81201,NA,NA,NA,NA,Insecta,
Bombus_pascuorum,361,NA,NA,11.393894,1.788036,1.9702521,14.57221,NA,NA,NA,NA,Insecta,
Carabus_auratus,362,NA,NA,12.201508,5.10983,8.0727871,13.9024,NA,NA,NA,NA,Insecta,
Melolontha_melolontha,363,NA,NA,28.366837,11.004609,17.0075013,32.74123,NA,NA,NA,NA,Insecta,
Myrmeleon_formicarius,364,NA,NA,15.177412,4.706187,6.4700588,18.3458,NA,NA,NA,NA,Insecta,
Nezara_viridula,365,NA,NA,24.27007,9.628066,15.3250036,27.75152,NA,NA,NA,NA,Insecta,
Timarcha_tenebricosa,366,NA,NA,13.160329,6.350631,5.8762934,15.64101,NA,NA,NA,NA,Insecta,
Vespula,367,NA,NA,17.110141,4.886472,7.679758,20.55918,NA,NA,NA,NA,Insecta,
Achrioptera_manga,368,NA,NA,17.602433,6.498386,3.1836166,22.46961,NA,NA,NA,NA,Insecta,
Extatosoma_tiaratum,369,NA,NA,44.762003,36.351643,45.6494336,44.66562,NA,NA,NA,NA,Insecta,
Haaniella_grayi,370,NA,NA,24.912224,19.741287,18.2422209,26.85047,NA,NA,NA,NA,Insecta,
Peruphasma_schultei,371,NA,NA,12.74247,3.958648,1.0704351,16.73311,NA,NA,NA,NA,Insecta,
Phyllium_elegans,372,NA,NA,16.6944,6.727592,14.7303895,17.87687,NA,NA,NA,NA,Insecta,
Phyllium_gantungense,373,NA,NA,26.730511,20.841344,27.6659803,26.73726,NA,NA,NA,NA,Insecta,
Crocodylus_porosus,374,X10_crpo,NA,NA,NA,NA,NA,68.31931562,67.38903071,69.12443564,69.57895517,Crocodylia,
Crocodylus_porosus,375,X10_crpo_caonly,NA,NA,NA,NA,NA,57.97433971,68.61500793,61.58407835,54.2419354,Crocodylia,
Crocodylus_porosus,376,X10_crpo_inner,NA,NA,NA,NA,NA,73.70221359,53.23573694,73.30341691,79.6082541,Crocodylia,
Gonyosoma_oxycephalum,377,X15_goox,NA,NA,NA,NA,NA,56.08336109,35.55721453,53.70200446,63.2319366,Squamata,
Pelusios_carinatus,378,X16_peca,NA,NA,NA,NA,NA,45.69635547,21.86451382,44.88943354,51.80876925,Testudines,
Python_sebae,379,X2_pyse,NA,NA,NA,NA,NA,58.65398764,47.64977065,51.39897691,67.33583619,Squamata,
Boiga_dendrophila,380,X21_bode,NA,NA,NA,NA,NA,39.54884125,15.49606597,31.44516893,51.74703542,Squamata,
Natrix_natrix,381,X22_nana,NA,NA,NA,NA,NA,60.18121737,30.03869178,57.91971024,68.5976378,Squamata,
Emys_orbicularis,382,X25_emor,NA,NA,NA,NA,NA,48.27721379,31.10583908,46.7527677,53.14368387,Testudines,
Oligodon_arnensis,383,X27_olfa,NA,NA,NA,NA,NA,57.0747968,41.21766101,51.47656677,65.3973581,Squamata,
Oligodon_purpurascens,384,X28_olpu,NA,NA,NA,NA,NA,56.27428855,40.24583371,54.42679773,62.19880519,Squamata,
NA,385,X29_orpu,NA,NA,NA,NA,NA,38.92388728,26.6668267,37.00704849,43.46042902,Squamata,
Oreocryptophis_porphyraceus,386,X30_orpo,NA,NA,NA,NA,NA,73.25496924,68.25874749,72.37804339,76.61336199,Squamata,
Elaphe_hodgsoni,387,X33_elho,NA,NA,NA,NA,NA,71.74962495,36.01817801,70.79198917,81.38526504,Squamata,
Python_regius,388,X34_pyre,NA,NA,NA,NA,NA,63.78440523,45.23044416,60.03571555,71.71458513,Squamata,
Heloderma_horridum,389,X4_heho,NA,NA,NA,NA,NA,23.49113072,10.68936292,19.43431063,29.7501191,Squamata,
Hydrosaurus_sp,390,X44_hywe,NA,NA,NA,NA,NA,49.12802846,43.3002114,41.65718613,57.46266554,Squamata,
Sauromalus_ater,391,X45_saob,NA,NA,NA,NA,NA,29.22279451,22.48854646,27.98687733,32.07885432,Squamata,
Coleonyx_mitratus,392,X52_colmi,NA,NA,NA,NA,NA,57.38850411,59.83214335,56.73779586,58.04916265,Squamata,
Goniurosaurus_kuroiwae,393,X54_goha,NA,NA,NA,NA,NA,67.70015002,63.30311049,67.66042902,69.74020852,Squamata,
Agama_agama,394,X56_agag,NA,NA,NA,NA,NA,50.67228707,32.87207257,43.70023864,61.1055615,Squamata,
Agama_impalearis,395,X57_agim,NA,NA,NA,NA,NA,42.83745258,22.57961762,36.62817224,52.66961587,Squamata,
Brachylophus_fasciatus,396,X60_brfa,NA,NA,NA,NA,NA,50.7436651,29.81521654,41.05650606,64.14043185,Squamata,
Caretta_caretta,397,X61_caca,NA,NA,NA,NA,NA,73.53726453,73.16456769,70.51544312,77.22861395,Testudines,
Centrochelys_sulcata,398,X62_cesu,NA,NA,NA,NA,NA,54.73419325,57.97705181,43.38996809,64.2286766,Testudines,
Centrochelys_sulcata,399,X62_cesucaonly,NA,NA,NA,NA,NA,57.88895047,65.86091134,57.22226261,57.4154043,Testudines,
Centrochelys_sulcata,400,X62_cesuinner,NA,NA,NA,NA,NA,81.00931504,84.46737533,79.39885056,83.98889649,Testudines,
Chelonia_mydas,401,X64_chmy,NA,NA,NA,NA,NA,71.58166007,61.63386064,70.97641755,76.09664852,Testudines,
Gallotia_galloti,402,X69_gaga,NA,NA,NA,NA,NA,38.74042964,22.77985697,35.92611845,44.59864697,Squamata,
Gallotia_stehlini,403,X69_gast,NA,NA,NA,NA,NA,51.62945627,65.2579479,50.6922149,50.18664639,Squamata,
Crocodylus_niloticus,404,X7_crni,NA,NA,NA,NA,NA,58.93953488,64.66896716,63.21429211,56.64225726,Crocodylia,
Gerrhosaurus_skoogi,405,X70_gesk,NA,NA,NA,NA,NA,61.17269263,38.78636471,59.18028973,68.28652123,Squamata,
Macroprotodon_cucullatus,406,X74_macu,NA,NA,NA,NA,NA,38.07787166,23.939334,29.87518198,48.49021035,Squamata,
Osteolaemus_tetraspis,407,X77_oste,NA,NA,NA,NA,NA,83.06100352,79.51527061,82.95976274,86.26956731,Crocodylia,
Testudo_graeca,408,X86_tegr,NA,NA,NA,NA,NA,86.18019187,104.7084669,86.69415218,85.94903414,Testudines,
Trachemys_scripta_scripta,409,X87_trsc,NA,NA,NA,NA,NA,71.93057788,81.25695797,71.00445875,72.60081994,Testudines,
Trionyx_triunguis,410,X88_trtr,NA,NA,NA,NA,NA,59.62466336,54.18995277,62.22597516,59.72708254,Testudines,
Dermochelys_coriacea,411,X9_deco,NA,NA,NA,NA,NA,69.82269198,69.51736728,65.38295523,73.69849924,Testudines,
Uromastyx_ornata,412,X90_uror,NA,NA,NA,NA,NA,29.9094418,21.47464049,25.72265876,35.43907804,Squamata,
NA,413,X91_oror,NA,NA,NA,NA,NA,37.31644434,41.97652403,34.5517478,39.13758186,Squamata,
NA,414,X92_vama,NA,NA,NA,NA,NA,44.78043477,25.98664561,35.99932296,56.88175792,Squamata,
Pseudopus_apodus,415,X94_psap,NA,NA,NA,NA,NA,40.78898476,22.28407736,28.09891991,55.84557295,Squamata,
Stigmochelys_pardalis,416,X95_stpa,NA,NA,NA,NA,NA,71.05086486,69.71399157,70.90136026,72.59429397,Testudines,
Timon_lepidus,417,X95_tile,NA,NA,NA,NA,NA,32.65866349,22.96218469,19.47917281,46.54475585,Squamata,
Malacochersus_tornieri,418,X98_mato,NA,NA,NA,NA,NA,80.24767042,77.99643034,79.88706102,82.65413579,Testudines,
Acrocephalus_arundinaceus,419,ardgr,NA,NA,NA,NA,NA,77.77783,39.19495,58.99015,85.92303,Aves,
Ardeola_grayii,420,chain,NA,NA,NA,NA,NA,76.41517,38.29201,66.04878,81.88914,Aves,
Chalcophaps_indica,421,cinaq,NA,NA,NA,NA,NA,71.11251,62.60151,77.24501,70.24675,Aves,
Cinclus_aquaticus,422,colca,NA,NA,NA,NA,NA,76.0365,74.10089,88.75188,72.82162,Aves,
Colaptes_auratus,423,Colm,NA,NA,NA,NA,NA,82.63877,52.88232,73.36901,87.49985,Aves,
Corvus_monedula,424,Ephar,NA,NA,NA,NA,NA,73.7222,34.83036,46.98214,83.78025,Aves,
Euphagus_cyanocephalus,425,eupcy,NA,NA,NA,NA,NA,73.36619,37.26289,50.15599,82.33115,Aves,
Garrulus_glandarius,426,gargl,NA,NA,NA,NA,NA,72.63647,32.58726,47.11326,82.49764,Aves,
Geokichla_citrina,427,geoci,NA,NA,NA,NA,NA,79.49624,46.59968,65.43405,85.5862,Aves,
Haematopus_ostralegus,428,haeoo,NA,NA,NA,NA,NA,75.00538,30.12042,50.57782,84.91994,Aves,
Chlidonias_hybrida,429,hydle,NA,NA,NA,NA,NA,73.58204,26.30786,47.58092,84.18773,Aves,
Lanius_borealis,430,lanex,NA,NA,NA,NA,NA,71.94035,38.09833,53.4558,79.44403,Aves,
Chroicocephalus_ridibundus,431,larri,NA,NA,NA,NA,NA,69.34338,18.92635,27.91452,84.33649,Aves,
Niltava_grandis,432,nitgr,NA,NA,NA,NA,NA,69.34253,34.70701,54.79717,75.63656,Aves,
Phalacrocorax_carbo,433,phaca,NA,NA,NA,NA,NA,76.76884,32.73024,61.16058,84.45867,Aves,
Pica_pica,434,picpi,NA,NA,NA,NA,NA,73.2083,26.39214,38.25049,86.16054,Aves,
Dryobates_villosus,435,picvi,NA,NA,NA,NA,NA,81.15233,71.4462,89.13045,79.84146,Aves,
Quiscalus_quiscula,436,quiqu,NA,NA,NA,NA,NA,81.33602,50.27952,66.40778,87.80921,Aves,
Sturnella_magna,437,stuma,NA,NA,NA,NA,NA,79.29385,63.39441,79.91763,80.40184,Aves,
Tringa_totanus,438,trito,NA,NA,NA,NA,NA,72.07487,24.49361,42.4185,83.55057,Aves,
Trochalopteron_chrysopterum,439,troch,NA,NA,NA,NA,NA,67.98924,38.83343,52.32609,74.56303,Aves,
Xanthocephalus_xanthocephalus,440,xanxa,NA,NA,NA,NA,NA,72.82468,32.50959,45.23507,83.28004,Aves,
Zonifez_pectoralis,441,zonpe,NA,NA,NA,NA,NA,67.87869,29.08844,50.45891,75.52288,Aves,
